silhouette,slice,donor
0.2877916395664215,P4_rep1,DonorP4
0.11139391362667084,P4_rep2,DonorP4
0.043333087116479874,P6_rep1,DonorP6
0.08595072478055954,P6_rep2,DonorP6
