{
  "silhouette": 0.47860953211784363,
  "ari": 0.0010699405267890112,
  "nmi": 0.06724991218578233
}